section,name,url,classification,status,final_url,content_type,playlist_latency_ms,playlist_bytes,manifest_level,segment_attempted,segment_ok,encrypted_hint,segment_statuses,segment_latency_ms,error,checked_at
大陆,北京卫视,https://345.lishuhang.com/xuexi_b2e730bc.m3u8,http_error,502,https://345.lishuhang.com/xuexi_b2e730bc.m3u8,text/plain; charset=utf-8,1371.3,44,none,0,0,False,[],[],,2026-08-15T14:35:47+00:00
大陆,天津卫视,https://345.lishuhang.com/xuexi_f34309e5.m3u8,http_error,502,https://345.lishuhang.com/xuexi_f34309e5.m3u8,text/plain; charset=utf-8,4529.0,44,none,0,0,False,[],[],,2026-08-15T14:35:47+00:00
大陆,河北卫视,https://345.lishuhang.com/xuexi_39f6908c.m3u8,http_error,502,https://345.lishuhang.com/xuexi_39f6908c.m3u8,text/plain; charset=utf-8,2802.9,44,none,0,0,False,[],[],,2026-08-15T14:35:47+00:00
大陆,山西卫视,https://345.lishuhang.com/xuexi_39c3c722.m3u8,http_error,502,https://345.lishuhang.com/xuexi_39c3c722.m3u8,text/plain; charset=utf-8,3404.6,44,none,0,0,False,[],[],,2026-08-15T14:35:47+00:00
大陆,辽宁卫视,https://345.lishuhang.com/xuexi_196d1fb7.m3u8,http_error,502,https://345.lishuhang.com/xuexi_196d1fb7.m3u8,text/plain; charset=utf-8,4512.9,44,none,0,0,False,[],[],,2026-08-15T14:35:47+00:00
大陆,内蒙古卫视,https://345.lishuhang.com/xuexi_74dd173b.m3u8,http_error,502,https://345.lishuhang.com/xuexi_74dd173b.m3u8,text/plain; charset=utf-8,3054.3,44,none,0,0,False,[],[],,2026-08-15T14:35:47+00:00
大陆,内蒙古蒙语卫视,https://345.lishuhang.com/xuexi_3072aafb.m3u8,http_error,502,https://345.lishuhang.com/xuexi_3072aafb.m3u8,text/plain; charset=utf-8,2666.0,44,none,0,0,False,[],[],,2026-08-15T14:35:47+00:00
大陆,吉林卫视,https://345.lishuhang.com/xuexi_0bb93494.m3u8,http_error,502,https://345.lishuhang.com/xuexi_0bb93494.m3u8,text/plain; charset=utf-8,3553.8,44,none,0,0,False,[],[],,2026-08-15T14:35:47+00:00
大陆,延边卫视,https://345.lishuhang.com/xuexi_9e532e80.m3u8,http_error,502,https://345.lishuhang.com/xuexi_9e532e80.m3u8,text/plain; charset=utf-8,2759.7,44,none,0,0,False,[],[],,2026-08-15T14:35:47+00:00
大陆,黑龙江卫视,https://345.lishuhang.com/xuexi_c77741c7.m3u8,http_error,502,https://345.lishuhang.com/xuexi_c77741c7.m3u8,text/plain; charset=utf-8,4956.1,44,none,0,0,False,[],[],,2026-08-15T14:35:47+00:00
大陆,东方卫视,https://345.lishuhang.com/xuexi_b03d633a.m3u8,http_error,502,https://345.lishuhang.com/xuexi_b03d633a.m3u8,text/plain; charset=utf-8,4836.5,44,none,0,0,False,[],[],,2026-08-15T14:35:49+00:00
大陆,江苏卫视,https://345.lishuhang.com/xuexi_f485de42.m3u8,http_error,502,https://345.lishuhang.com/xuexi_f485de42.m3u8,text/plain; charset=utf-8,5197.6,44,none,0,0,False,[],[],,2026-08-15T14:35:50+00:00
大陆,浙江卫视,https://345.lishuhang.com/xuexi_0b093694.m3u8,http_error,502,https://345.lishuhang.com/xuexi_0b093694.m3u8,text/plain; charset=utf-8,4501.9,44,none,0,0,False,[],[],,2026-08-15T14:35:50+00:00
大陆,安徽卫视,https://345.lishuhang.com/xuexi_633fd677.m3u8,http_error,502,https://345.lishuhang.com/xuexi_633fd677.m3u8,text/plain; charset=utf-8,7423.0,44,none,0,0,False,[],[],,2026-08-15T14:35:50+00:00
大陆,东南卫视,https://345.lishuhang.com/xuexi_74cd6a04.m3u8,http_error,502,https://345.lishuhang.com/xuexi_74cd6a04.m3u8,text/plain; charset=utf-8,5254.2,44,none,0,0,False,[],[],,2026-08-15T14:35:50+00:00
大陆,海峡卫视,https://345.lishuhang.com/xuexi_2eb43b20.m3u8,http_error,502,https://345.lishuhang.com/xuexi_2eb43b20.m3u8,text/plain; charset=utf-8,13867.8,44,none,0,0,False,[],[],,2026-08-15T14:35:51+00:00
大陆,江西卫视,https://345.lishuhang.com/xuexi_06219123.m3u8,http_error,502,https://345.lishuhang.com/xuexi_06219123.m3u8,text/plain; charset=utf-8,3679.5,44,none,0,0,False,[],[],,2026-08-15T14:35:51+00:00
大陆,山东卫视,https://345.lishuhang.com/xuexi_15d651d2.m3u8,http_error,502,https://345.lishuhang.com/xuexi_15d651d2.m3u8,text/plain; charset=utf-8,3509.6,44,none,0,0,False,[],[],,2026-08-15T14:35:52+00:00
大陆,山东教育卫视,https://345.lishuhang.com/xuexi_c3232ed3.m3u8,http_error,404,https://345.lishuhang.com/xuexi_c3232ed3.m3u8,text/plain; charset=utf-8,4356.5,25,none,0,0,False,[],[],,2026-08-15T14:35:52+00:00
大陆,河南卫视,https://345.lishuhang.com/xuexi_47ebcda8.m3u8,http_error,502,https://345.lishuhang.com/xuexi_47ebcda8.m3u8,text/plain; charset=utf-8,13693.9,44,none,0,0,False,[],[],,2026-08-15T14:35:52+00:00
大陆,湖北卫视,https://345.lishuhang.com/xuexi_894c6f10.m3u8,http_error,502,https://345.lishuhang.com/xuexi_894c6f10.m3u8,text/plain; charset=utf-8,4890.5,44,none,0,0,False,[],[],,2026-08-15T14:35:54+00:00
大陆,广东卫视,https://345.lishuhang.com/xuexi_6766ec77.m3u8,http_error,502,https://345.lishuhang.com/xuexi_6766ec77.m3u8,text/plain; charset=utf-8,3221.8,44,none,0,0,False,[],[],,2026-08-15T14:35:55+00:00
大陆,大湾区卫视,https://345.lishuhang.com/xuexi_b3b303ac.m3u8,request_exception,,,,,0,none,0,0,False,[],[],"HTTPSConnectionPool(host='345.lishuhang.com', port=443): Max retries exceeded with url: /xuexi_b3b303ac.m3u8 (Caused by SSLError(SSLEOFError(8, '[SSL: UNEXPECTED_EOF_WHILE_READING] EOF occurred in violation of protocol (_ssl.c:1000)')))",2026-08-15T14:35:55+00:00
大陆,深圳卫视,https://345.lishuhang.com/xuexi_f9a9f782.m3u8,http_error,502,https://345.lishuhang.com/xuexi_f9a9f782.m3u8,text/plain; charset=utf-8,3905.6,44,none,0,0,False,[],[],,2026-08-15T14:35:55+00:00
大陆,广西卫视,https://345.lishuhang.com/xuexi_d45e1b2d.m3u8,http_error,502,https://345.lishuhang.com/xuexi_d45e1b2d.m3u8,text/plain; charset=utf-8,3627.7,44,none,0,0,False,[],[],,2026-08-15T14:35:55+00:00
大陆,海南卫视,https://345.lishuhang.com/xuexi_54e5f81a.m3u8,http_error,502,https://345.lishuhang.com/xuexi_54e5f81a.m3u8,text/plain; charset=utf-8,4676.7,44,none,0,0,False,[],[],,2026-08-15T14:35:56+00:00
大陆,重庆卫视,https://345.lishuhang.com/xuexi_8751b623.m3u8,http_error,502,https://345.lishuhang.com/xuexi_8751b623.m3u8,text/plain; charset=utf-8,2789.3,44,none,0,0,False,[],[],,2026-08-15T14:35:56+00:00
大陆,四川卫视,https://345.lishuhang.com/xuexi_90edcdb6.m3u8,http_error,502,https://345.lishuhang.com/xuexi_90edcdb6.m3u8,text/plain; charset=utf-8,2891.8,44,none,0,0,False,[],[],,2026-08-15T14:35:58+00:00
大陆,康巴卫视,https://345.lishuhang.com/xuexi_2e1b591d.m3u8,http_error,502,https://345.lishuhang.com/xuexi_2e1b591d.m3u8,text/plain; charset=utf-8,6212.0,44,none,0,0,False,[],[],,2026-08-15T14:35:58+00:00
大陆,贵州卫视,https://345.lishuhang.com/xuexi_d6fc64f8.m3u8,http_error,502,https://345.lishuhang.com/xuexi_d6fc64f8.m3u8,text/plain; charset=utf-8,4263.5,44,none,0,0,False,[],[],,2026-08-15T14:35:58+00:00
大陆,云南卫视,https://345.lishuhang.com/xuexi_f79e9c26.m3u8,http_error,502,https://345.lishuhang.com/xuexi_f79e9c26.m3u8,text/plain; charset=utf-8,5750.5,44,none,0,0,False,[],[],,2026-08-15T14:35:58+00:00
大陆,西藏卫视,https://345.lishuhang.com/xuexi_c52bd0a9.m3u8,http_error,502,https://345.lishuhang.com/xuexi_c52bd0a9.m3u8,text/plain; charset=utf-8,11351.8,44,none,0,0,False,[],[],,2026-08-15T14:35:59+00:00
大陆,西藏藏语卫视,https://345.lishuhang.com/xuexi_c6f0ce26.m3u8,http_error,502,https://345.lishuhang.com/xuexi_c6f0ce26.m3u8,text/plain; charset=utf-8,7248.6,44,none,0,0,False,[],[],,2026-08-15T14:35:59+00:00
大陆,陕西卫视,https://345.lishuhang.com/xuexi_63fbcee7.m3u8,http_error,502,https://345.lishuhang.com/xuexi_63fbcee7.m3u8,text/plain; charset=utf-8,10730.5,44,none,0,0,False,[],[],,2026-08-15T14:35:59+00:00
大陆,甘肃卫视,https://345.lishuhang.com/xuexi_dc13ed51.m3u8,http_error,502,https://345.lishuhang.com/xuexi_dc13ed51.m3u8,text/plain; charset=utf-8,8463.5,44,none,0,0,False,[],[],,2026-08-15T14:36:00+00:00
大陆,青海卫视,https://345.lishuhang.com/xuexi_49718a9c.m3u8,http_error,502,https://345.lishuhang.com/xuexi_49718a9c.m3u8,text/plain; charset=utf-8,7521.2,44,none,0,0,False,[],[],,2026-08-15T14:36:00+00:00
大陆,青海安多卫视,https://345.lishuhang.com/xuexi_c6d8fd41.m3u8,http_error,502,https://345.lishuhang.com/xuexi_c6d8fd41.m3u8,text/plain; charset=utf-8,4596.6,44,none,0,0,False,[],[],,2026-08-15T14:36:02+00:00
大陆,宁夏卫视,https://345.lishuhang.com/xuexi_782bc32a.m3u8,http_error,502,https://345.lishuhang.com/xuexi_782bc32a.m3u8,text/plain; charset=utf-8,3603.5,44,none,0,0,False,[],[],,2026-08-15T14:36:04+00:00
大陆,新疆卫视,https://345.lishuhang.com/xuexi_95b30ad2.m3u8,http_error,502,https://345.lishuhang.com/xuexi_95b30ad2.m3u8,text/plain; charset=utf-8,3095.0,44,none,0,0,False,[],[],,2026-08-15T14:36:04+00:00
大陆,兵团卫视,https://345.lishuhang.com/xuexi_16bcdb12.m3u8,http_error,502,https://345.lishuhang.com/xuexi_16bcdb12.m3u8,text/plain; charset=utf-8,4565.3,44,none,0,0,False,[],[],,2026-08-15T14:36:05+00:00
大陆,CETV1教育综合,https://345.lishuhang.com/xuexi_416c4a41.m3u8,http_error,502,https://345.lishuhang.com/xuexi_416c4a41.m3u8,text/plain; charset=utf-8,3416.4,44,none,0,0,False,[],[],,2026-08-15T14:36:06+00:00
大陆,CCTV1,https://345.lishuhang.com/yspc01.m3u8,http_error,502,https://345.lishuhang.com/yspc01.m3u8,text/plain; charset=utf-8,3327.2,48,none,0,0,False,[],[],,2026-08-15T14:36:06+00:00
大陆,CCTV2,https://345.lishuhang.com/yspc02.m3u8,http_error,502,https://345.lishuhang.com/yspc02.m3u8,text/plain; charset=utf-8,3535.7,48,none,0,0,False,[],[],,2026-08-15T14:36:07+00:00
大陆,CCTV3,https://345.lishuhang.com/yspc03.m3u8,http_error,502,https://345.lishuhang.com/yspc03.m3u8,text/plain; charset=utf-8,5175.8,48,none,0,0,False,[],[],,2026-08-15T14:36:07+00:00
大陆,CCTV4,https://345.lishuhang.com/yspc04.m3u8,http_error,502,https://345.lishuhang.com/yspc04.m3u8,text/plain; charset=utf-8,7322.1,48,none,0,0,False,[],[],,2026-08-15T14:36:08+00:00
大陆,CCTV6,https://345.lishuhang.com/yspc07.m3u8,http_error,502,https://345.lishuhang.com/yspc07.m3u8,text/plain; charset=utf-8,6971.5,48,none,0,0,False,[],[],,2026-08-15T14:36:08+00:00
大陆,CCTV7,https://345.lishuhang.com/yspc08.m3u8,http_error,502,https://345.lishuhang.com/yspc08.m3u8,text/plain; charset=utf-8,3323.6,48,none,0,0,False,[],[],,2026-08-15T14:36:09+00:00
大陆,CCTV8,https://345.lishuhang.com/yspc09.m3u8,http_error,502,https://345.lishuhang.com/yspc09.m3u8,text/plain; charset=utf-8,3235.6,48,none,0,0,False,[],[],,2026-08-15T14:36:09+00:00
大陆,CCTV9,https://345.lishuhang.com/yspc10.m3u8,http_error,502,https://345.lishuhang.com/yspc10.m3u8,text/plain; charset=utf-8,5109.2,48,none,0,0,False,[],[],,2026-08-15T14:36:09+00:00
大陆,CCTV10,https://345.lishuhang.com/yspc11.m3u8,transport_ok,200,https://345.lishuhang.com/yspc11.m3u8?media=1,application/vnd.apple.mpegurl,4673.5,662,master+media,1,1,False,[200],[3176.6],,2026-08-15T14:36:10+00:00
大陆,CCTV11,https://345.lishuhang.com/yspc12.m3u8,transport_ok,200,https://345.lishuhang.com/yspc12.m3u8?media=1,application/vnd.apple.mpegurl,4224.0,662,master+media,1,1,False,[200],[3260.6],,2026-08-15T14:36:10+00:00
大陆,CCTV12,https://345.lishuhang.com/yspc13.m3u8,transport_ok,200,https://345.lishuhang.com/yspc13.m3u8?media=1,application/vnd.apple.mpegurl,4313.9,662,master+media,1,1,False,[200],[3329.0],,2026-08-15T14:36:10+00:00
大陆,CCTV13,https://345.lishuhang.com/yspc14.m3u8,http_error,502,https://345.lishuhang.com/yspc14.m3u8,text/plain; charset=utf-8,2677.7,48,none,0,0,False,[],[],,2026-08-15T14:36:10+00:00
大陆,CCTV14,https://345.lishuhang.com/yspc15.m3u8,transport_ok,200,https://345.lishuhang.com/yspc15.m3u8?media=1,application/vnd.apple.mpegurl,5106.0,662,master+media,1,1,False,[200],[3822.0],,2026-08-15T14:36:12+00:00
大陆,CCTV15,https://345.lishuhang.com/yspc16.m3u8,transport_ok,200,https://345.lishuhang.com/yspc16.m3u8?media=1,application/vnd.apple.mpegurl,4509.4,662,master+media,1,1,False,[200],[3527.0],,2026-08-15T14:36:12+00:00
大陆,CCTV17,https://345.lishuhang.com/yspc17.m3u8,http_error,502,https://345.lishuhang.com/yspc17.m3u8,text/plain; charset=utf-8,3530.6,48,none,0,0,False,[],[],,2026-08-15T14:36:12+00:00
大陆,北京卫视,https://345.lishuhang.com/yspw01.m3u8,transport_ok,200,https://345.lishuhang.com/yspw01.m3u8?media=1,application/vnd.apple.mpegurl,4701.1,662,master+media,1,1,False,[200],[3003.2],,2026-08-15T14:36:13+00:00
大陆,江苏卫视,https://345.lishuhang.com/yspw02.m3u8,transport_ok,200,https://345.lishuhang.com/yspw02.m3u8?media=1,application/vnd.apple.mpegurl,8555.3,662,master+media,1,1,False,[200],[13409.4],,2026-08-15T14:36:15+00:00
大陆,东方卫视,https://345.lishuhang.com/yspw03.m3u8,http_error,502,https://345.lishuhang.com/yspw03.m3u8,text/plain; charset=utf-8,3063.3,48,none,0,0,False,[],[],,2026-08-15T14:36:15+00:00
大陆,浙江卫视,https://345.lishuhang.com/yspw04.m3u8,http_error,502,https://345.lishuhang.com/yspw04.m3u8,text/plain; charset=utf-8,3020.2,48,none,0,0,False,[],[],,2026-08-15T14:36:15+00:00
大陆,湖南卫视,https://345.lishuhang.com/yspw05.m3u8,http_error,502,https://345.lishuhang.com/yspw05.m3u8,text/plain; charset=utf-8,2712.6,48,none,0,0,False,[],[],,2026-08-15T14:36:16+00:00
大陆,湖北卫视,https://345.lishuhang.com/yspw06.m3u8,transport_ok,200,https://345.lishuhang.com/yspw06.m3u8?media=1,application/vnd.apple.mpegurl,7808.9,662,master+media,1,1,False,[200],[8706.3],,2026-08-15T14:36:17+00:00
大陆,广东卫视,https://345.lishuhang.com/yspw07.m3u8,http_error,502,https://345.lishuhang.com/yspw07.m3u8,text/plain; charset=utf-8,3043.1,48,none,0,0,False,[],[],,2026-08-15T14:36:17+00:00
大陆,广西卫视,https://345.lishuhang.com/yspw08.m3u8,transport_ok,200,https://345.lishuhang.com/yspw08.m3u8?media=1,application/vnd.apple.mpegurl,3856.7,662,master+media,1,1,False,[200],[3074.5],,2026-08-15T14:36:18+00:00
大陆,黑龙江卫视,https://345.lishuhang.com/yspw09.m3u8,http_error,502,https://345.lishuhang.com/yspw09.m3u8,text/plain; charset=utf-8,3320.9,48,none,0,0,False,[],[],,2026-08-15T14:36:18+00:00
大陆,海南卫视,https://345.lishuhang.com/yspw10.m3u8,http_error,502,https://345.lishuhang.com/yspw10.m3u8,text/plain; charset=utf-8,2567.7,48,none,0,0,False,[],[],,2026-08-15T14:36:18+00:00
大陆,重庆卫视,https://345.lishuhang.com/yspw11.m3u8,transport_ok,200,https://345.lishuhang.com/yspw11.m3u8?media=1,application/vnd.apple.mpegurl,3948.1,662,master+media,1,1,False,[200],[3535.4],,2026-08-15T14:36:19+00:00
大陆,深圳卫视,https://345.lishuhang.com/yspw12.m3u8,http_error,502,https://345.lishuhang.com/yspw12.m3u8,text/plain; charset=utf-8,3332.9,48,none,0,0,False,[],[],,2026-08-15T14:36:20+00:00
大陆,四川卫视,https://345.lishuhang.com/yspw13.m3u8,http_error,502,https://345.lishuhang.com/yspw13.m3u8,text/plain; charset=utf-8,2951.0,48,none,0,0,False,[],[],,2026-08-15T14:36:20+00:00
大陆,河南卫视,https://345.lishuhang.com/yspw14.m3u8,http_error,502,https://345.lishuhang.com/yspw14.m3u8,text/plain; charset=utf-8,4575.4,48,none,0,0,False,[],[],,2026-08-15T14:36:21+00:00
大陆,福建东南卫视,https://345.lishuhang.com/yspw15.m3u8,http_error,502,https://345.lishuhang.com/yspw15.m3u8,text/plain; charset=utf-8,2724.0,48,none,0,0,False,[],[],,2026-08-15T14:36:21+00:00
大陆,贵州卫视,https://345.lishuhang.com/yspw16.m3u8,http_error,502,https://345.lishuhang.com/yspw16.m3u8,text/plain; charset=utf-8,2657.4,48,none,0,0,False,[],[],,2026-08-15T14:36:21+00:00
大陆,江西卫视,https://345.lishuhang.com/yspw17.m3u8,http_error,502,https://345.lishuhang.com/yspw17.m3u8,text/plain; charset=utf-8,2523.5,48,none,0,0,False,[],[],,2026-08-15T14:36:21+00:00
大陆,辽宁卫视,https://345.lishuhang.com/yspw18.m3u8,http_error,502,https://345.lishuhang.com/yspw18.m3u8,text/plain; charset=utf-8,4790.7,48,none,0,0,False,[],[],,2026-08-15T14:36:23+00:00
大陆,安徽卫视,https://345.lishuhang.com/yspw19.m3u8,transport_ok,200,https://345.lishuhang.com/yspw19.m3u8?media=1,application/vnd.apple.mpegurl,8890.4,662,master+media,1,1,False,[200],[12883.8],,2026-08-15T14:36:23+00:00
大陆,河北卫视,https://345.lishuhang.com/yspw20.m3u8,http_error,502,https://345.lishuhang.com/yspw20.m3u8,text/plain; charset=utf-8,3913.4,48,none,0,0,False,[],[],,2026-08-15T14:36:24+00:00
大陆,山东卫视,https://345.lishuhang.com/yspw21.m3u8,http_error,502,https://345.lishuhang.com/yspw21.m3u8,text/plain; charset=utf-8,3751.0,48,none,0,0,False,[],[],,2026-08-15T14:36:24+00:00
大陆,天津卫视,https://345.lishuhang.com/yspw22.m3u8,http_error,502,https://345.lishuhang.com/yspw22.m3u8,text/plain; charset=utf-8,2844.4,48,none,0,0,False,[],[],,2026-08-15T14:36:24+00:00
大陆,吉林卫视,https://345.lishuhang.com/yspw23.m3u8,http_error,502,https://345.lishuhang.com/yspw23.m3u8,text/plain; charset=utf-8,2269.7,48,none,0,0,False,[],[],,2026-08-15T14:36:25+00:00
大陆,陕西卫视,https://345.lishuhang.com/yspw24.m3u8,http_error,502,https://345.lishuhang.com/yspw24.m3u8,text/plain; charset=utf-8,5631.8,48,none,0,0,False,[],[],,2026-08-15T14:36:25+00:00
大陆,宁夏卫视,https://345.lishuhang.com/yspw25.m3u8,http_error,502,https://345.lishuhang.com/yspw25.m3u8,text/plain; charset=utf-8,3350.0,48,none,0,0,False,[],[],,2026-08-15T14:36:26+00:00
大陆,内蒙古卫视,https://345.lishuhang.com/yspw26.m3u8,http_error,502,https://345.lishuhang.com/yspw26.m3u8,text/plain; charset=utf-8,5521.2,48,none,0,0,False,[],[],,2026-08-15T14:36:27+00:00
大陆,云南卫视,https://345.lishuhang.com/yspw27.m3u8,http_error,502,https://345.lishuhang.com/yspw27.m3u8,text/plain; charset=utf-8,3301.7,48,none,0,0,False,[],[],,2026-08-15T14:36:27+00:00
大陆,山西卫视,https://345.lishuhang.com/yspw28.m3u8,http_error,502,https://345.lishuhang.com/yspw28.m3u8,text/plain; charset=utf-8,3090.5,48,none,0,0,False,[],[],,2026-08-15T14:36:28+00:00
大陆,青海卫视,https://345.lishuhang.com/yspw29.m3u8,http_error,502,https://345.lishuhang.com/yspw29.m3u8,text/plain; charset=utf-8,3202.3,48,none,0,0,False,[],[],,2026-08-15T14:36:28+00:00
大陆,西藏卫视,https://345.lishuhang.com/yspw30.m3u8,http_error,502,https://345.lishuhang.com/yspw30.m3u8,text/plain; charset=utf-8,3040.7,48,none,0,0,False,[],[],,2026-08-15T14:36:28+00:00
大陆,新疆卫视,https://345.lishuhang.com/yspw31.m3u8,http_error,502,https://345.lishuhang.com/yspw31.m3u8,text/plain; charset=utf-8,3004.9,48,none,0,0,False,[],[],,2026-08-15T14:36:30+00:00
大陆,海南卫视,https://345.lishuhang.com/wso-hainan.m3u8,transport_ok,200,https://345.lishuhang.com/wso-hainan.m3u8,application/vnd.apple.mpegurl,8407.2,3429,media,1,1,False,[200],[7213.3],,2026-08-15T14:36:30+00:00
大陆,东南卫视,https://345.lishuhang.com/wso-dongnan.m3u8,http_error,502,https://345.lishuhang.com/wso-dongnan.m3u8,text/plain; charset=utf-8,4052.2,39,none,0,0,False,[],[],,2026-08-15T14:36:31+00:00
大陆,陕西卫视,https://345.lishuhang.com/wso-shaanxi.m3u8,transport_ok,200,https://345.lishuhang.com/wso-shaanxi.m3u8,application/vnd.apple.mpegurl,7962.7,1519,media,1,1,False,[200],[6639.9],,2026-08-15T14:36:31+00:00
大陆,贵州卫视,https://345.lishuhang.com/wso-guizhou.m3u8,http_error,502,https://345.lishuhang.com/wso-guizhou.m3u8,text/plain; charset=utf-8,6580.3,47,none,0,0,False,[],[],,2026-08-15T14:36:31+00:00
大陆,江苏卫视,https://345.lishuhang.com/wso-jiangsu.m3u8,http_error,502,https://345.lishuhang.com/wso-jiangsu.m3u8,text/plain; charset=utf-8,7095.6,47,none,0,0,False,[],[],,2026-08-15T14:36:31+00:00
